{
  "base_model": {
    "mAP50": 0.6071667846709387,
    "mAP50_95": 0.4477848806493725,
    "precision": 0.6385015262738641,
    "recall": 0.536085783688328
  },
  "trained_model": {
    "mAP50": 0.8520740777376433,
    "mAP50_95": 0.6781568053146622,
    "precision": 0.8195117020047934,
    "recall": 0.7954562433646876
  },
  "base_model_path": "models/yolov8n.pt",
  "trained_model_path": "runs/detect/train/weights/best.pt"
}